time,AirTemp,ShortWave,LongWave,RelHum,WindSpeed,Rain,Snow
2021-03-16 00:00,-2.3283,0,316.2,94.815,3.6568,0,0
2021-03-16 01:00,-2.3085,0,316.9,94.855,2.5385,0,0
2021-03-16 02:00,-2.2092,3.42,318.6,95.225,2.4267,0,0
2021-03-16 03:00,-2.1546,27.555,319.05,95.255,3.8469,0,0
2021-03-16 04:00,-1.8617,110.765,317.8,94.02,4.3949,0,0
2021-03-16 05:00,-1.6575,97,317.9,92.255,3.6009,0,0
2021-03-16 06:00,-1.4965,106.66,316.85,91.33,4.4173,0,0
2021-03-16 07:00,-1.5274,68.875,316.4,91.82,6.1506,0,0
2021-03-16 08:00,-1.4131,127.825,319,93.565,6.5085,0,0
2021-03-16 09:00,-1.1905,160.245,320.55,92.125,6.7657,0,0
2021-03-16 10:00,-0.8863,166.835,320,89.9,6.0164,0,0
2021-03-16 11:00,-0.6961,138.33,319.55,88.12,4.339,0,0
2021-03-16 12:00,-0.7986,95.865,321.5,90.255,2.9858,0,0
2021-03-16 13:00,-0.908,27.135,321.7,90.915,3.545,0,0
2021-03-16 14:00,-1.1498,0,323.45,94.23,3.6345,0,0
2021-03-16 15:00,-1.4635,0,323,94.545,3.7463,0,0
2021-03-16 16:00,-1.5867,0,322.65,94.79,4.0482,0,0
2021-03-16 17:00,-1.7425,0,322.6,94.785,3.9811,0,0
2021-03-16 18:00,-1.631,0,323.3,95.345,3.9364,0,0
2021-03-16 19:00,-1.6216,0,323.55,95.58,4.1153,0,0
2021-03-16 20:00,-1.6964,0,323.4,95.885,2.628,0,0
2021-03-16 21:00,-1.7936,0,323.05,96.17,2.6168,0.012,0
2021-03-16 22:00,-2.2695,0,323.4,96.355,2.2813,0,0
2021-03-16 23:00,-2.2437,0,321.6,96.62,3.4443,0,0
2021-03-17 00:00,-2.5165,0,320.15,96.705,3.545,0,0
2021-03-17 01:00,-2.1137,0,321.45,96.675,3.4108,0,0
2021-03-17 02:00,-1.811,5.55,322.25,96.86,3.5003,0,0
2021-03-17 03:00,-1.6369,44.56,324.15,96.88,3.8917,0,0
2021-03-17 04:00,-1.5001,104.51,325.9,96.8,3.243,0,0
2021-03-17 05:00,-0.642,148.005,328.8,96.745,4.8981,0,0
2021-03-17 06:00,-0.3385,193.99,331.45,96.68,4.6185,0,0
2021-03-17 07:00,0.4781,267.345,333.75,93.95,8.4319,0,0
2021-03-17 08:00,0.9418,99.145,333.25,91.72,7.8951,0,0
2021-03-17 09:00,1.2847,108.445,334.05,90.585,7.0788,0,0
2021-03-17 10:00,1.728,110.63,335.1,88.835,4.3725,0,0
2021-03-17 11:00,2.4854,83.34,335.9,85.765,5.8151,0,0
2021-03-17 12:00,2.5565,55.605,333.75,84.025,7.2577,0,0
2021-03-17 13:00,2.5704,32.205,333.15,81.97,7.09,0,0
2021-03-17 14:00,1.8581,0.57,331.1,85.4,3.6456,0,0
2021-03-17 15:00,0.5522,0,326.55,88.85,2.1248,0,0
2021-03-17 16:00,-0.6857,0,323.3,93.72,1.0065,0,0
2021-03-17 17:00,-1.8157,0,317.4,94.82,0.8052,0,0
2021-03-17 18:00,-3.0461,0,312.7,95.79,0.5927,0,0
2021-03-17 19:00,-3.2302,0,310.6,93.77,0.7381,0,0
2021-03-17 20:00,-4.1567,0,307.35,92.51,0.7604,0,0
2021-03-17 21:00,-5.056,0,302.45,92.125,0.6486,0,0
2021-03-17 22:00,-3.0859,0,299.4,73.08,2.6951,0,0
2021-03-17 23:00,-4.1581,0,296.7,75.845,0.7269,0,0
2021-03-18 00:00,-5.4721,0,292.85,76.69,0.8387,0,0
2021-03-18 01:00,-7.0714,0,290.3,85.01,0.7157,0,0
2021-03-18 02:00,-7.0498,35.305,290.2,84.76,0.7269,0,0
2021-03-18 03:00,-4.9112,210.345,302.3,81.01,1.5768,0,0
2021-03-18 04:00,-0.7863,374.7,319.25,69.975,6.6315,0,0
2021-03-18 05:00,2.1539,527.67,336.45,60.14,6.5644,0,0
2021-03-18 06:00,4.2819,653.66,331,51.565,8.3536,0,0
2021-03-18 07:00,5.5644,728.63,302.95,48.05,8.7674,0,0
2021-03-18 08:00,6.9493,742.435,274.7,44.495,7.213,0,0
2021-03-18 09:00,7.6263,701.325,246.2,42.485,7.4478,0,0
2021-03-18 10:00,8.3101,608.225,234.4,39.185,9.6844,0,0
2021-03-18 11:00,8.9917,466.835,235.35,37.87,10.1541,0,0
2021-03-18 12:00,8.8035,290.04,234.8,36.785,11.0935,0,0
2021-03-18 13:00,7.2947,106.76,232.75,43.48,8.0741,0,0
2021-03-18 14:00,3.2644,0.925,229.45,57.455,5.4908,0,0
2021-03-18 15:00,1.448,0,226.75,66.6,6.6762,0,0
2021-03-18 16:00,1.3302,0,222.35,68.37,8.9128,0,0
2021-03-18 17:00,0.719,0,217.85,72.4,10.7468,0,0
2021-03-18 18:00,-0.0794,0,216.35,76.785,11.3171,0,0
2021-03-18 19:00,-0.1816,0,213.65,80.54,12.0216,0,0
2021-03-18 20:00,-0.4179,0,211.6,80.905,13.8668,0,0
2021-03-18 21:00,-1.1491,0,214.55,83.025,13.386,0,0
2021-03-18 22:00,-1.9708,0,216.4,86.665,12.2565,0,0
2021-03-18 23:00,-2.3222,0,218.35,88.12,11.2053,0,0
2021-03-19 00:00,-1.9418,0,222.1,87.375,13.4978,0,0
2021-03-19 01:00,-1.8438,0,222.8,88.23,13.5649,0,0
2021-03-19 02:00,-0.8204,34.215,224,86.395,14.549,0,0
2021-03-19 03:00,0.6469,183.845,225.8,80.605,15.7232,0,0
2021-03-19 04:00,2.8461,363.215,231.1,72.92,17.7585,0,0
2021-03-19 05:00,5.2138,526.245,237.65,64.205,17.0763,0,0
2021-03-19 06:00,7.8802,648.995,244,54.955,15.9133,0,0
2021-03-19 07:00,9.8308,720.825,249.95,48.78,15.958,0,0
2021-03-19 08:00,11.3994,735.965,255.35,44.025,17.9374,0,0
2021-03-19 09:00,12.3848,696.43,259.15,41.575,18.7649,0,0
2021-03-19 10:00,12.5846,600.965,260.85,41.605,19.503,0,0
2021-03-19 11:00,12.3186,461.27,259.8,43.315,18.5637,0,0
2021-03-19 12:00,11.7146,284.255,258.9,45.58,17.2329,0,0
2021-03-19 13:00,9.8104,100.42,255.55,52.235,15.6225,0,0
2021-03-19 14:00,7.2777,1.435,250.65,62.155,14.9068,0,0
2021-03-19 15:00,6.0865,0,248,66.34,15.7008,0,0
2021-03-19 16:00,4.8071,0,246.05,70.495,13.4642,0,0
2021-03-19 17:00,3.4039,0,244.05,74.47,12.3348,0,0
2021-03-19 18:00,2.2046,0,241.95,80.675,12.2118,0,0
2021-03-19 19:00,1.0127,0,239.95,84.29,11.496,0,0
2021-03-19 20:00,0.3554,0,240.3,85.705,11.3507,0,0
2021-03-19 21:00,1.0238,0,239.75,84.395,9.7962,0,0
2021-03-19 22:00,0.9537,0,238.1,84.925,8.8792,0,0
2021-03-19 23:00,0.4516,0,236.7,87.815,8.9911,0,0
2021-03-20 00:00,1.1496,0,238.8,85.985,12.6479,0,0
2021-03-20 01:00,0.963,0,245.85,86.95,12.7038,0,0
2021-03-20 02:00,1.2761,21.42,244.7,86.33,11.921,0,0
2021-03-20 03:00,2.581,174.415,243.65,83.555,11.3171,0,0
2021-03-20 04:00,5.3502,358.595,249,74.78,14.3253,0,0
2021-03-20 05:00,7.7228,481.26,256.6,65.205,14.9963,0,0
2021-03-20 06:00,10.6598,636.265,272.15,55.76,17.423,0,0
2021-03-20 07:00,12.9847,713.25,276.4,48.89,16.4501,0,0
2021-03-20 08:00,14.7506,695.705,283.4,44.11,14.3812,0,0
2021-03-20 09:00,15.7784,496.865,309.1,41.745,14.7167,0,0
2021-03-20 10:00,17.2598,595.58,305.25,38.245,16.159300000000002,0,0
2021-03-20 11:00,17.1453,374.025,300.7,38.175,17.6019,0,0
2021-03-20 12:00,16.9745,232.1,306.9,39.27,13.878,0,0
2021-03-20 13:00,15.6993,103.085,295.6,42.655,9.9081,0,0
2021-03-20 14:00,12.1955,1.8,287.8,52.505,8.0293,0,0
2021-03-20 15:00,9.7027,0,281.65,60.145,6.4414,0,0
2021-03-20 16:00,8.5509,0,279.05,64.735,9.7068,0,0
2021-03-20 17:00,8.4193,0,281.7,60.57,4.2607,0,0
2021-03-20 18:00,8.7761,0,301.25,47.78,6.4749,0,0
2021-03-20 19:00,7.1949,0,281.15,50.97,5.7368,0,0
2021-03-20 20:00,5.9894,0,263.35,54.3,6.296,0,0
2021-03-20 21:00,4.9647,0,260.55,57.43,6.3295,0,0
2021-03-20 22:00,4.9648,0,259.75,58.135,9.3042,0,0
2021-03-20 23:00,4.4818,0,290.45,60.865,8.5773,0,0
2021-03-21 00:00,4.664,0,290.65,62.145,8.6779,0,0
2021-03-21 01:00,4.5656,0,325.75,65.57,11.2165,0,0
2021-03-21 02:00,5.3874,5.52,332.15,65.06,9.8633,0,0
2021-03-21 03:00,5.2483,23.09,331.55,66.52,11.373,0,0
2021-03-21 04:00,5.3921,29.345,331,66.6,12.2006,0,0
2021-03-21 05:00,6.2602,79.275,331.05,63.99,15.2871,0,0
2021-03-21 06:00,7.1973,84.765,334.3,58.33,11.5184,0,0
2021-03-21 07:00,7.8471,114.525,333.65,52.5,14.1464,0,0
2021-03-21 08:00,8.3452,277.24,319.95,46.155,9.9193,0,0
2021-03-21 09:00,9.6288,440.92,301.25,40.825,10.8251,0,0
2021-03-21 10:00,11.8951,602.195,260.4,35.42,8.8121,0,0
2021-03-21 11:00,12.3599,282.16,268.45,29.08,10.1988,0,0
2021-03-21 12:00,12.649,208.545,281.7,26.31,12.044,0,0
2021-03-21 13:00,11.4823,127.415,260.5,29.385,11.6638,0,0
2021-03-21 14:00,7.9444,3.645,245.05,38.985,10.2547,0,0
2021-03-21 15:00,5.8313,0,237.55,43.125,9.4831,0,0
2021-03-21 16:00,3.7472,0,229.8,46.16,10.758,0,0
2021-03-21 17:00,2.5933,0,223.95,45.92,11.6973,0,0
2021-03-21 18:00,1.2461,0,219.7,49.93,10.4672,0,0
2021-03-21 19:00,-0.8874,0,215.9,58.825,6.6427,0,0
2021-03-21 20:00,-2.1222,0,214.35,64.06,4.6185,0,0
2021-03-21 21:00,-2.0345,0,215.25,60.315,5.2001,0,0
2021-03-21 22:00,-2.6495,0,215.25,61.355,5.625,0,0
2021-03-21 23:00,-3.6867,0,214.15,63.405,5.077,0,0
2021-03-22 00:00,-4.6205,0,212.95,73.37,1.3531,0,0
2021-03-22 01:00,-5.2459,0,212.95,76.105,2.4602,0,0
2021-03-22 02:00,-5.2608,44.32,213.05,75.26,1.711,0,0
2021-03-22 03:00,-2.1219,202.445,215.4,68.595,3.6456,0,0
2021-03-22 04:00,0.8541,258.67,268.85,51.94,6.8887,0,0
2021-03-22 05:00,2.6669,431.61,258.55,43.605,7.3472,0,0
2021-03-22 06:00,5.1118,668.6,230.25,36.655,9.0694,0,0
2021-03-22 07:00,7.3672,737.625,236,31.185,9.1029,0,0
2021-03-22 08:00,9.1757,753.28,241.15,30.09,11.3059,0,0
2021-03-22 09:00,10.4489,712.465,244.9,28.91,10.9928,0,0
2021-03-22 10:00,11.0976,619.785,246.25,28.635,10.512,0,0
2021-03-22 11:00,11.4567,474.21,248.5,28.635,11.2836,0,0
2021-03-22 12:00,11.2128,293.535,249.9,29.355,11.9434,0,0
2021-03-22 13:00,9.3624,74.255,249.95,34.395,10.1317,0,0
2021-03-22 14:00,6.9836,0.84,245.25,41.45,9.6173,0,0
2021-03-22 15:00,5.7487,0,243.25,45.47,11.2388,0,0
2021-03-22 16:00,4.8372,0,243.9,48.94,13.1176,0,0
2021-03-22 17:00,4.2098,0,244.1,52.625,14.0569,0,0
2021-03-22 18:00,3.4499,0,243.65,56.24,13.8109,0,0
2021-03-22 19:00,3.5195,0,242.1,56.21,11.1829,0,0
2021-03-22 20:00,2.8,0,241.4,60.13,8.5885,0,0
2021-03-22 21:00,2.0348,0,240.5,64.345,7.7274,0,0
2021-03-22 22:00,0.297,0,258.95,72.075,5.4349,0,0
2021-03-22 23:00,1.9865,0,292.65,67.79,5.9046,0,0
2021-03-23 00:00,1.5546,0,287.9,70.13,4.7192,0,0
2021-03-23 01:00,0.6815,0,276.75,73.835,3.1536,0,0
2021-03-23 02:00,1.5094,16.97,285.55,70.815,2.6168,0,0
2021-03-23 03:00,2.2661,94.565,251.55,68.98,2.3037,0,0
2021-03-23 04:00,6.5578,314.63,261.25,49.75,4.7416,0,0
2021-03-23 05:00,8.7802,412.31,265.4,38.365,3.791,0,0
2021-03-23 06:00,9.6115,491.69,266,35.09,6.6427,0,0
2021-03-23 07:00,10.6957,615.79,263.35,34.255,7.5485,0,0
2021-03-23 08:00,11.5427,647.27,270.05,28.555,8.4655,0,0
2021-03-23 09:00,12.1208,587.3,269.7,23.71,9.1141,0,0
2021-03-23 10:00,12.2491,552.32,264.6,23.74,10.1541,0,0
2021-03-23 11:00,11.5904,274.905,275.8,23.97,10.4672,0,0
2021-03-23 12:00,11.2443,196.945,281.15,27.605,9.3601,0,0
2021-03-23 13:00,7.3279,62.39,275.6,52.74,17.4454,0,0
2021-03-23 14:00,3.389,3.165,270.95,69.24,17.0316,0,0
2021-03-23 15:00,0.174,0,255.95,79.35,14.8957,0,0
2021-03-23 16:00,-1.9796,0,272.6,84.955,14.247,0,0
2021-03-23 17:00,-2.8644,0,294.15,87.925,14.3365,0,0
2021-03-23 18:00,-3.7472,0,291.8,87.56,15.4995,0,0
2021-03-23 19:00,-4.649,0,290.1,86.025,14.4036,0,0
2021-03-23 20:00,-4.961,0,287.25,86.46,16.3047,0,0
2021-03-23 21:00,-5.4819,0,265.6,85.685,14.7391,0,0
2021-03-23 22:00,-5.9284,0,248.35,85.16,15.1193,0,0
2021-03-23 23:00,-6.4597,0,265.25,82.33,17.3112,0,0
2021-03-24 00:00,-6.9219,0,230.45,79.195,17.4342,0,0
2021-03-24 01:00,-7.3091,0,207.4,79.685,13.1511,0,0
2021-03-24 02:00,-7.2144,43.91,205.45,79.235,10.0311,0,0
2021-03-24 03:00,-5.6165,212.74,205.6,73.125,13.6655,0,0
2021-03-24 04:00,-3.4765,394.68,211.35,65.54,15.4101,0,0
2021-03-24 05:00,-1.2796,549.475,214.9,59.995,15.1529,0,0
2021-03-24 06:00,0.6493,686.935,218.3,53.295,13.3412,0,0
2021-03-24 07:00,1.9105,759.16,220.5,50.975,11.1829,0,0
2021-03-24 08:00,2.9482,774.29,222.95,49.075,9.7403,0,0
2021-03-24 09:00,3.6577,732.76,224.9,48.345,9.1812,0,0
2021-03-24 10:00,4.2454,633.715,226.4,47.465,7.7498,0,0
2021-03-24 11:00,4.5938,487.27,227.55,46.76,5.8599,0,0
2021-03-24 12:00,4.6169,310.01,226,45.96,5.7368,0,0
2021-03-24 13:00,3.8542,126.115,223.8,47.45,4.4732,0,0
2021-03-24 14:00,1.661,6.19,222.6,54.21,3.0418,0,0
2021-03-24 15:00,-0.8822,0,221.75,66.65,1.0847,0,0
2021-03-24 16:00,-0.656,0,222,59.12,3.1312,0,0
2021-03-24 17:00,-1.8265,0,225.05,65.35,3.3884,0,0
2021-03-24 18:00,-2.3308,0,217.05,70.52,6.1394,0,0
2021-03-24 19:00,-2.9212,0,214.65,74.27,6.5196,0,0
2021-03-24 20:00,-3.2091,0,213.3,73.635,5.9381,0,0
2021-03-24 21:00,-3.5375,0,214.2,70.005,6.7545,0,0
2021-03-24 22:00,-3.665,0,213.45,66.495,8.1412,0,0
2021-03-24 23:00,-4.2322,0,214.1,67.805,7.8392,0,0
2021-03-25 00:00,-4.5766,0,214,71.465,7.4702,0,0
2021-03-25 01:00,-4.8328,0,216.1,76.055,6.4973,0,0
2021-03-25 02:00,-3.751,58.155,221.2,73.14,11.921,0,0
2021-03-25 03:00,-2.3318,210.64,223.9,70.52,13.7997,0,0
2021-03-25 04:00,1.3654,400.325,229.35,65.565,12.3907,0,0
2021-03-25 05:00,5.2245,559.21,236.95,56.135,15.1417,0,0
2021-03-25 06:00,8.2595,679.335,244.8,47.85,16.5955,0,0
2021-03-25 07:00,10.1664,723.395,252.3,40.93,16.4948,0,0
2021-03-25 08:00,11.3751,738.61,257.2,37.055,17.2105,0,0
2021-03-25 09:00,11.8036,665.985,261.85,33.6,16.8079,0,0
2021-03-25 10:00,11.4269,451.06,277.2,32.97,16.2376,0,0
2021-03-25 11:00,11.1205,318.975,289.6,32.61,15.164,0,0
2021-03-25 12:00,10.972,269.485,277,32.645,15.2647,0,0
2021-03-25 13:00,9.8866,97.545,273.15,35.77,12.7821,0,0
2021-03-25 14:00,7.7415,1.88,265.55,42.98,10.6797,0,0
2021-03-25 15:00,6.7678,0,298.35,47.705,9.7739,0,0
2021-03-25 16:00,6.0856,0,320,54.26,10.9593,0,0
2021-03-25 17:00,5.7487,0,323.6,57.505,11.8092,0,0
2021-03-25 18:00,5.3354,0,322.2,60.48,13.1399,0,0
2021-03-25 19:00,5.1497,0,307.9,66.12,16.4277,0,0
2021-03-25 20:00,4.2844,0,287.9,74.5,15.6673,0,0
2021-03-25 21:00,2.9887,0,284.9,78.875,12.413,0,0
2021-03-25 22:00,2.3668,0,274.85,82.5,10.3778,0,0
2021-03-25 23:00,3.4903,0,274.4,78.64,10.9816,0,0
2021-03-26 00:00,2.8039,0,288.75,82.165,9.1141,0,0
2021-03-26 01:00,1.6201,0,253.55,86.215,8.9016,0,0
2021-03-26 02:00,0.9988,35.285,266.5,88.9,9.5502,0,0
2021-03-26 03:00,1.682,70.855,318,83.94,11.2277,0,0
2021-03-26 04:00,2.1912,188.845,314.05,77.5,12.0105,0,0
2021-03-26 05:00,2.0976,317.405,308.25,75.63,12.6703,0,0
2021-03-26 06:00,2.8829,300.07,318.6,73.6,10.4449,0,0
2021-03-26 07:00,3.4422,330.725,318.45,70.1,11.0823,0,0
2021-03-26 08:00,3.3192,302.725,318.8,69.87,9.9975,0,0
2021-03-26 09:00,3.6923,330.2,315.8,66.525,8.7339,0,0
2021-03-26 10:00,4.1092,404.325,291.5,62.775,4.9876,0,0
2021-03-26 11:00,4.7653,392.62,263.55,59.33,4.5626,0,0
2021-03-26 12:00,4.6015,240.945,265.15,59.58,5.8599,0,0
2021-03-26 13:00,3.98,50.4,292.3,61.68,6.173,0,0
2021-03-26 14:00,2.5146,2.89,283.75,66.685,2.9747,0,0
2021-03-26 15:00,1.9745,0,284.75,68.32,5.7704,0,0
2021-03-26 16:00,1.2431,0,277.85,72.655,5.4796,0,0
2021-03-26 17:00,0.9395,0,286.15,73.77,3.8469,0,0
2021-03-26 18:00,0.9929,0,293.4,71.675,2.7286,0,0
2021-03-26 19:00,0.9565,0,296.55,73.135,2.4267,0,0
2021-03-26 20:00,0.8217,0,289.3,73.47,3.8246000000000002,0,0
2021-03-26 21:00,-0.0176,0,266.5,74.215,4.0818,0,0
2021-03-26 22:00,-1.6314,0,231,77.63,3.9476,0,0
2021-03-26 23:00,-2.4894,0,230.75,73.14,4.4284,0,0
2021-03-27 00:00,-3.1285,0,223.75,66.02,6.296,0,0
2021-03-27 01:00,-4.274,0,211.25,64.55,4.9764,0,0
2021-03-27 02:00,-3.8171,60.2,212.65,63.49,5.1106,0,0
2021-03-27 03:00,-1.2246,249.965,247.15,59.625,10.8363,0,0
2021-03-27 04:00,-0.1084,233.35,278.75,58.415,10.0646,0,0
2021-03-27 05:00,1.8505,529.31,244.45,52.125,12.167,0,0
2021-03-27 06:00,2.5315,702.44,231.9,52.915,14.549,0,0
2021-03-27 07:00,3.8743,749.565,239.2,48.11,15.9692,0,0
2021-03-27 08:00,4.5967,716.06,242.7,42.83,16.1929,0,0
2021-03-27 09:00,4.9395,700.835,255.4,43.575,17.915,0,0
2021-03-27 10:00,5.105,589.13,254.4,41.13,18.8097,0,0
2021-03-27 11:00,4.8781,477.155,224.4,32.58,18.8544,0,0
2021-03-27 12:00,3.9092,319.5,218.45,31.48,18.0828,0,0
2021-03-27 13:00,2.9587,132.685,212.9,33.465,15.6225,0,0
2021-03-27 14:00,0.5348,9.785,209.65,39.555,7.6715,0,0
2021-03-27 15:00,-2.0359,0,207.65,47.2,3.3437,0,0
2021-03-27 16:00,-2.9103,0,206.3,51.59,3.422,0,0
2021-03-27 17:00,-3.7306,0,205.25,58.535,2.9187,0,0
2021-03-27 18:00,-4.0436,0,205.5,62,2.6839,0,0
2021-03-27 19:00,-4.4345,0,204.9,66.34,3.3884,0,0
2021-03-27 20:00,-4.8383,0,203.1,69.565,2.6951,0,0
2021-03-27 21:00,-5.1732,0,203.05,67.88,2.5609,0,0
2021-03-27 22:00,-5.0524,0,203.85,70.285,1.7893,0,0
2021-03-27 23:00,-5.1921,0,205.35,75.265,1.5544,0,0
2021-03-28 00:00,-6.8879,0,204.9,83.19,3.12,0,0
2021-03-28 01:00,-7.2272,0,205.4,86.74,2.6727,0,0
2021-03-28 02:00,-6.7936,79.835,205.85,87.095,4.0147,0,0
2021-03-28 03:00,-3.2065,261.945,218,79.865,7.336,0,0
2021-03-28 04:00,0.5659,338.58,253.4,56.065,10.6685,0,0
2021-03-28 05:00,2.9695,410.76,274.1,46.17,10.8251,0,0
2021-03-28 06:00,4.4897,455.905,295.9,40.44,13.1511,0,0
2021-03-28 07:00,5.9145,443.695,300.7,31.78,13.5761,0,0
2021-03-28 08:00,6.8932,459.445,302.65,29.45,15.7456,0,0
2021-03-28 09:00,9.0951,722.11,275.15,27.135,18.0045,0,0
2021-03-28 10:00,10.4997,641.695,256.05,27.775,18.8991,0,0
2021-03-28 11:00,11.2686,517.735,271.65,32.38,20.2746,0,0
2021-03-28 12:00,10.2429,201.64,273.6,40.95,18.8991,0,0
2021-03-28 13:00,9.4514,77.545,282.85,46.825,15.1081,0,0
2021-03-28 14:00,8.3468,4.01,276.1,52.125,13.7326,0,0
2021-03-28 15:00,6.883,0,278.55,57.465,14.3141,0,0
2021-03-28 16:00,6.5012,0,278.65,61.755,14.7838,0,0
2021-03-28 17:00,6.4824,0,274.4,63.3,13.8556,0,0
2021-03-28 18:00,6.4437,0,267.4,64.53,12.6703,0,0
2021-03-28 19:00,6.2227,0,268.7,65.85,11.25,0,0
2021-03-28 20:00,5.3717,0,264.9,68.755,9.7403,0,0
2021-03-28 21:00,4.3939,0,256.75,71.355,9.4384,0,0
2021-03-28 22:00,4.5778,0,256.15,69.52,10.21,0,0
2021-03-28 23:00,4.253,0,254.3,68.42,9.1029,0,0
2021-03-29 00:00,4.754,0,256.35,63.425,8.376,0,0
2021-03-29 01:00,4.7486,0,259.3,60.71,8.6779,0,0
2021-03-29 02:00,5.4535,52.64,254.45,58.3,9.2259,0,0
2021-03-29 03:00,9.3758,242.99,258.9,45.48,11.0375,0,0
2021-03-29 04:00,13.3918,422.945,265.6,35.285,11.552,0,0
2021-03-29 05:00,16.0971,574.815,274.6,30.175,14.2694,0,0
2021-03-29 06:00,16.5578,683.99,278,28.805,20.7108,0,0
2021-03-29 07:00,16.7206,756.245,279.8,27.3,25.0386,0,0
2021-03-29 08:00,15.4672,745.675,285.05,31.705,36.255,0,0
2021-03-29 09:00,13.1349,726.73,278.95,43.395,35.5058,0,0
2021-03-29 10:00,11.3125,623.355,268.35,41.635,35.2374,0,0
2021-03-29 11:00,10.869,525.05,264.45,38.44,34.3987,0,0
2021-03-29 12:00,10.3219,343.38,258.4,35.995,33.6159,0,0
2021-03-29 13:00,7.5023,115,249.45,40.665,35.6176,0,0
2021-03-29 14:00,2.9297,9.355,230.15,48.26,37.7647,0,0
2021-03-29 15:00,0.0622,0,215.4,52.33,37.0267,0,0
2021-03-29 16:00,-2.0912,0,212.7,61.715,37.228,0,0
2021-03-29 17:00,-3.2629,0,256.8,69.97,39.4757,0,0
2021-03-29 18:00,-3.9456,0,270.7,77.8,38.9837,0,0
2021-03-29 19:00,-4.2751,0,251.9,72.36,44.1278,0,0
2021-03-29 20:00,-4.7542,0,208.95,70.975,45.1678,0,0
2021-03-29 21:00,-5.3146,0,198.55,68.115,37.1944,0,0
2021-03-29 22:00,-5.7187,0,197.9,68.065,35.1479,0,0
2021-03-29 23:00,-5.989,0,216.45,68.09,34.4546,0,0
2021-03-30 00:00,-6.3554,0,250,71.075,29.1092,0,0
2021-03-30 01:00,-6.8932,0.505,235.05,66.605,28.0468,0,0
2021-03-30 02:00,-7.4588,69.915,225.45,64.55,28.9414,0,0
2021-03-30 03:00,-7.226,185.085,242.55,66.035,29.2545,0,0
2021-03-30 04:00,-7.2467,208.21,248.45,62.63,31.055,0,0
2021-03-30 05:00,-6.9857,357.29,253.85,62.505,33.1015,0,0
2021-03-30 06:00,-6.3714,482.005,244.7,58.925,34.4546,0,0
2021-03-30 07:00,-5.4827,496.945,256.35,57.455,33.258,0,0
2021-03-30 08:00,-4.0798,682.54,231.3,50.05,33.8954,0,0
2021-03-30 09:00,-3.591,629.475,236.1,49.86,34.4993,0,0
2021-03-30 10:00,-3.3298,459.23,247.35,48.165,30.7866,0,0
2021-03-30 11:00,-3.4086,358.73,214.55,48.445,31.178,0,0
2021-03-30 12:00,-3.6929,204.185,237.15,50.22,27.7672,0,0
2021-03-30 13:00,-4.3431,72.875,252.9,50.66,24.759,0,0
2021-03-30 14:00,-5.5327,8.135,220.3,52.58,23.0927,0,0
2021-03-30 15:00,-6.4333,0,195.4,59.3,21.1357,0,0
2021-03-30 16:00,-6.6378,0,241.9,61.69,18.6531,0,0
2021-03-30 17:00,-6.8799,0,252.55,58.81,18.3735,0,0
2021-03-30 18:00,-7.8771,0,206.2,61.565,16.6849,0,0
2021-03-30 19:00,-8.8816,0,180.95,65.27,14.9404,0,0
2021-03-30 20:00,-9.6089,0,185.4,69.445,12.1223,0,0
2021-03-30 21:00,-9.1931,0,246,69.425,12.346,0,0
2021-03-30 22:00,-8.8269,0,252.65,67.66,11.9434,0,0
2021-03-30 23:00,-8.7334,0,257.75,65.445,12.1782,0,0
2021-03-31 00:00,-8.8289,0,254,66.685,11.6973,0,0
2021-03-31 01:00,-8.8506,0.73,250.4,66.965,10.1541,0,0
2021-03-31 02:00,-8.9137,49.915,226.3,66.81,11.9434,0,0
2021-03-31 03:00,-8.5794,247.4,180.7,65.095,13.1399,0,0
2021-03-31 04:00,-7.6239,447.095,196.75,58.92,12.8492,0,0
2021-03-31 05:00,-6.7931,575.38,212.4,55.57,11.9993,0,0
2021-03-31 06:00,-6.0244,716.68,196.55,52.365,11.1941,0,0
2021-03-31 07:00,-4.6817,850.875,192.45,47.125,9.9416,0,0
2021-03-31 08:00,-3.6624,831.13,191.75,43.445,8.9463,0,0
2021-03-31 09:00,-2.5375,762.605,193.1,39.445,7.4366,0,0
2021-03-31 10:00,-2.0184,621.9,194.25,37.695,8.4319,0,0
2021-03-31 11:00,-1.3141,447.55,194.9,35.635,6.5644,0,0
2021-03-31 12:00,-0.9811,278.18,195.35,33.455,5.7145,0,0
2021-03-31 13:00,-0.9135,167.02,194.7,33.34,3.3996,0,0
2021-03-31 19:00,0.9578,60,199,0.2091,3.2714,0,0
2021-03-31 20:00,0.3037,0,199,0.206,2.7732,0,0
2021-03-31 21:00,-0.3907,0,199,0.2058,2.4664,0,0
2021-03-31 22:00,-1.0979,0,199,0.2085,2.3328,0,0
2021-03-31 23:00,-1.7905,0,199,0.2136,2.3538,0,0
2021-04-01 00:00,-2.441,0,199,0.221,2.511,0,0
2021-04-01 01:00,-3.0221,0,204,0.2305,2.786,0,0
2021-04-01 02:00,-3.4969,0,204,0.2416,3.1594,0,0
2021-04-01 03:00,-3.7914,0,204,0.2539,3.6081,0,0
2021-04-01 04:00,-3.8224,0,204,0.2665,4.1079,0,0
2021-04-01 05:00,-3.5064,0,204,0.2786,4.6348,0,0
2021-04-01 06:00,-2.7602,0,204,0.2893,5.1646,0,0
2021-04-01 07:00,-1.5005,20.4802,240,0.2978,5.6732,0,0
2021-04-01 08:00,0.3096,181.8311,240,0.3035,6.1412,0,0
2021-04-01 09:00,2.5204,334.0695,240,0.3069,6.5682,0,0
2021-04-01 10:00,4.9359,466.8301,240,0.309,6.9586,0,0
2021-04-01 11:00,7.3601,571.0756,240,0.3108,7.3165,0,0
2021-04-01 12:00,9.5968,639.7134,240,0.3133,7.6464,0,0
2021-04-01 13:00,11.45,752.2895,260,0.3175,7.9525,0,0
2021-04-01 14:00,12.7686,736.7205,260,0.3243,8.2359000000000009,0,0
2021-04-01 15:00,13.5821,674.72,260,0.3347,8.485,0,0
2021-04-01 16:00,13.965,570.5319,260,0.3495,8.6847,0,0
2021-04-01 17:00,13.9918,431.2759,260,0.3697,8.8203,0,0
2021-04-01 18:00,13.7369,266.4622,260,0.3962,8.8767,0,0
2021-04-01 19:00,13.2749,60,263,0.4303,8.8391,0,0
2021-04-01 20:00,12.6733,0,263,0.4722,8.7021,0,0
2021-04-01 21:00,11.9713,0,263,0.5204,8.4991,0,0
2021-04-01 22:00,11.2014,0,263,0.5722,8.2729,0,0
2021-04-01 23:00,10.3957,0,263,0.6252,8.0665,0,0
2021-04-02 00:00,9.5867,0,263,0.6765,7.9227,0,0
2021-04-02 01:00,8.8065,0,255,0.7231,7.8844,0,0
2021-04-02 02:00,8.0937,0,255,0.7619,7.9748,0,0
2021-04-02 03:00,7.5106,0,255,0.7917,8.1383,0,0
2021-04-02 04:00,7.1261,0,255,0.8112,8.2996,0,0
2021-04-02 05:00,7.0088,0,255,0.8196,8.3833,0,0
2021-04-02 06:00,7.2272,0,255,0.8159,8.3142,0,0
2021-04-02 07:00,7.85,24.6987,277,0.7996,8.0169,0,0
2021-04-02 08:00,8.9145,178.156,277,0.7712,7.4472,0,0
2021-04-02 09:00,10.3326,322.8925,277,0.7338,6.6853,0,0
2021-04-02 10:00,11.9847,449.0532,277,0.6909,5.8425,0,0
2021-04-02 11:00,13.7514,548.0506,277,0.6458,5.03,0,0
2021-04-02 12:00,15.513,613.149,277,0.601,4.3591,0,0
2021-04-02 13:00,17.15,655.4434,312.6297,0.5588,3.9411,0,0
2021-04-02 14:00,18.556,641.7607,312.6297,0.5209,3.8487,0,0
2021-04-02 15:00,19.6762,587.918,312.6297,0.4883,3.9995,0,0
2021-04-02 16:00,20.4689,497.6008,312.6297,0.462,4.2729,0,0
2021-04-02 17:00,20.8924,376.981,312.6297,0.4428,4.5478,0,0
2021-04-02 18:00,20.9051,234.296,312.6297,0.4318,4.7036,0,0
2021-04-02 19:00,20.4652,60,279,0.4302,4.6193,0,0
2021-04-02 20:00,19.5568,0,279,0.4389,4.2139,0,0
2021-04-02 21:00,18.2669,0,279,0.4565,3.5661,0,0
2021-04-02 22:00,16.7084,0,279,0.4809,2.7944,0,0
2021-04-02 23:00,14.9941,0,279,0.5099,2.0172,0,0
2021-04-03 00:00,13.2369,0,279,0.5411,1.353,0,0
2021-04-03 01:00,11.5497,0,267.2834,0.5715,0.9203,0,0
2021-04-03 02:00,10.0426,0,267.2834,0.5981,0.805,0,0
2021-04-03 03:00,8.8155,0,267.2834,0.619,0.9629,0,0
2021-04-03 04:00,7.9654,0,267.2834,0.6326,1.3173,0,0
2021-04-03 05:00,7.5897,0,267.2834,0.6373,1.7914,0,0
2021-04-03 06:00,7.7855,0,267.2834,0.6318,2.3085,0,0
2021-04-03 07:00,8.65,33.0468,284.5948,0.6153,2.7918,0,0
2021-04-03 08:00,10.2258,202.6402,284.5948,0.5883,3.1809,0,0
2021-04-03 09:00,12.3373,362.536,284.5948,0.5553,3.4813,0,0
2021-04-03 10:00,14.7544,501.8477,284.5948,0.5211,3.7145,0,0
2021-04-03 11:00,17.247,611.0922,284.5948,0.4898,3.9024,0,0
2021-04-03 12:00,19.5849,682.8371,284.5948,0.4644,4.0667,0,0
2021-04-03 13:00,21.5381,704.468,321,0.4478,4.229,0,0
2021-04-03 14:00,22.9237,689.6389,321,0.4413,4.4031,0,0
2021-04-03 15:00,23.748,631.9568,321,0.4427,4.571,0,0
2021-04-03 16:00,24.0646,535.3702,321,0.4492,4.7067,0,0
2021-04-03 17:00,23.9271,406.4794,321,0.4584,4.784,0,0
2021-04-03 18:00,23.3892,254.0867,321,0.4677,4.7769,0,0
2021-04-03 19:00,22.5043,60,294,0.4747,4.6595,0,0
2021-04-03 20:00,21.3276,0,294,0.4775,4.4172,0,0
2021-04-03 21:00,19.9198,0,294,0.4782,4.0818,0,0
2021-04-03 22:00,18.3431,0,294,0.4797,3.6964,0,0
2021-04-03 23:00,16.6599,0,294,0.4856,3.3045,0,0
2021-04-04 00:00,14.9323,0,294,0.4998,2.9492,0,0
2021-04-04 01:00,13.2226,0,285,0.5264,2.6739,0,0
2021-04-04 02:00,11.5964,0,285,0.5685,2.5139,0,0
2021-04-04 03:00,10.133,0,285,0.6223,2.4728,0,0
2021-04-04 04:00,8.9151,0,285,0.6818,2.5466,0,0
2021-04-04 05:00,8.0254,0,285,0.7398,2.7308,0,0
2021-04-04 06:00,7.5466,0,285,0.7887,3.0215,0,0
2021-04-04 07:00,7.5613,31.8236,291,0.8204,3.4143,0,0
2021-04-04 08:00,8.1152,171.0034,291,0.8296,3.8984,0,0
2021-04-04 09:00,9.1061,302.1765,291,0.8196,4.4361,0,0
2021-04-04 10:00,10.3943,416.4119,291,0.7964,4.9833,0,0
2021-04-04 11:00,11.8407,505.9336,291,0.766,5.4958,0,0
2021-04-04 12:00,13.3057,564.6511,291,0.7338,5.9293,0,0
2021-04-04 13:00,14.65,514.918,337,0.7047,6.2395,0,0
2021-04-04 14:00,15.7594,503.9919,337,0.6822,6.3982,0,0
2021-04-04 15:00,16.6206,461.9667,337,0.6677,6.4411,0,0
2021-04-04 16:00,17.2456,391.7191,337,0.6617,6.4197,0,0
2021-04-04 17:00,17.6462,298.0495,337,0.6649,6.3858,0,0
2021-04-04 18:00,17.8344,187.3549,337,0.6784,6.3908,0,0
2021-04-04 19:00,17.8221,36,316,0.703,6.4866,0,0
2021-04-04 20:00,17.6237,0,316,0.7392,6.7037,0,0
2021-04-04 21:00,17.2634,0,316,0.7846,6.9897,0,0
2021-04-04 22:00,16.7676,0,316,0.8361,7.2711,0,0
2021-04-04 23:00,16.1629,0,316,0.8904,7.4744,0,0
2021-04-05 00:00,15.4759,0,316,0.944,7.5263,0,0
2021-04-05 01:00,14.7331,0,313,0.9936,7.3531,0.002,0
2021-04-05 02:00,13.968,0,313,1.0361,6.9102,0.002,0
2021-04-05 03:00,13.2424,0,313,1.0729,6.2676,0.002,0
2021-04-05 04:00,12.6248,0,313,1.106,5.5238,0.002,0
2021-04-05 05:00,12.1838,0,313,1.1375,4.7776,0.002,0
2021-04-05 06:00,11.988,0,313,1.1696,4.1275,0.002,0
2021-04-05 07:00,12.1061,44.8032,311,1.2043,3.6722,0.0012,0
2021-04-05 08:00,12.5843,215.6055,311,1.2419,3.4815,0.0012,0
2021-04-05 09:00,13.3795,376.5233,311,1.2779,3.5098,0.0012,0
2021-04-05 10:00,14.4265,516.6005,311,1.3067,3.6826,0.0012,0
2021-04-05 11:00,15.6599,626.3022,311,1.3233,3.9253,0.0012,0
2021-04-05 12:00,17.0143,698.1652,311,1.3235,4.1636,0.0012,0
2021-04-05 13:00,18.4245,704.0316,341,1.3036,4.3228,0,0
2021-04-05 14:00,19.8184,688.9776,341,1.2631,4.346,0,0
2021-04-05 15:00,21.098,631.7034,341,1.2114,4.2456,0,0
2021-04-05 16:00,22.1586,536.1293,341,1.1595,4.0512,0,0
2021-04-05 17:00,22.8957,408.7865,341,1.1174,3.7929,0,0
2021-04-05 18:00,23.2045,258.3717,341,1.0944,3.5002,0,0
2021-04-05 19:00,22.9806,72,308,1.1004,3.2032,0,0
2021-04-05 20:00,22.1652,0,308,1.1424,2.9311,0,0
2021-04-05 21:00,20.8842,0,308,1.2144,2.7119,0,0
2021-04-05 22:00,19.3095,0,308,1.3069,2.5731,0,0
2021-04-05 23:00,17.613,0,308,1.4094,2.542,0,0
2021-04-06 00:00,15.9666,0,308,1.5096,2.6464,0,0
2021-04-06 01:00,14.5421,0,305,1.593,2.9136,0,0
2021-04-06 02:00,13.4748,0,305,1.6471,3.3565,0,0
2021-04-06 03:00,12.7536,0,305,1.673,3.93,0,0
2021-04-06 04:00,12.3304,0,305,1.6762,4.5741,0,0
2021-04-06 05:00,12.1576,0,305,1.663,5.2289,0,0
2021-04-06 06:00,12.1872,0,305,1.6402,5.8347,0,0
2021-04-06 07:00,12.3714,18.1084,343,1.6145,6.3317,0,0
2021-04-06 08:00,12.6625,79.3211,343,1.5914,6.675,0,0
2021-04-06 09:00,13.0135,136.9708,343,1.5705,6.8809,0,0
2021-04-06 10:00,13.3778,187.1322,343,1.55,6.9806,0,0
2021-04-06 11:00,13.7084,226.3911,343,1.5281,7.0054,0,0
2021-04-06 12:00,13.9587,252.0765,343,1.5029,6.9866,0,0
2021-04-06 13:00,14.0818,219.578,369,1.4726,6.9555,0,0
2021-04-06 14:00,14.0459,214.8483,369,1.4362,6.9362,0,0
2021-04-06 15:00,13.879,197.0429,369,1.3969,6.9243,0,0
2021-04-06 16:00,13.6239,167.3804,369,1.359,6.9085,0,0
2021-04-06 17:00,13.3238,127.8879,369,1.3271,6.8773,0,0
2021-04-06 18:00,13.0214,81.2625,369,1.3058,6.8191,0,0
2021-04-06 19:00,12.7597,36,333,1.3,6.7225,0,0
2021-04-06 20:00,12.5702,0,333,1.3133,6.5804,0,0
2021-04-06 21:00,12.4392,0,333,1.3441,6.4031,0,0
2021-04-06 22:00,12.3413,0,333,1.3892,6.2051,0,0
2021-04-06 23:00,12.2512,0,333,1.4455,6.001,0,0
2021-04-07 00:00,12.1439,0,333,1.51,5.8055,0,0
2021-04-07 01:00,11.9939,0,346,1.5798,5.6331,0.0044,0
2021-04-07 02:00,11.8009,0,346,1.6509,5.5017,0.0044,0
2021-04-07 03:00,11.6639,0,346,1.7158,5.4417,0.0044,0
2021-04-07 04:00,11.7068,0,346,1.7653,5.4868,0.0044,0
2021-04-07 05:00,12.0533,0,346,1.79,5.6708,0.0044,0
2021-04-07 06:00,12.8275,0,346,1.7811,6.0274,0.0044,0
2021-04-07 07:00,14.153,54.3607,343,1.731,6.5902,0,0
2021-04-07 08:00,16.091,219.497,343,1.6379,7.3719,0,0
2021-04-07 09:00,18.4512,374.9659,343,1.5143,8.3004,0,0
2021-04-07 10:00,20.9804,510.1823,343,1.3748,9.2828,0,0
2021-04-07 11:00,23.4258,615.9425,343,1.2309,10.2258,0,0
2021-04-07 12:00,25.5341,685.0516,343,1.0913,11.0365,0,0
2021-04-07 13:00,27.0522,438.6252,357,0.9618,11.6216,4e-4,0
2021-04-07 14:00,27.787,429.111,357,0.8456,11.9099,4e-4,0
2021-04-07 15:00,27.7839,393.6577,357,0.7433,11.917,4e-4,0
2021-04-07 16:00,27.1486,334.6921,357,0.6556,11.6805,4e-4,0
2021-04-07 17:00,25.9863,256.2438,357,0.5849,11.2376,4e-4,0
2021-04-07 18:00,24.4026,163.6701,357,0.5349,10.6259,4e-4,0
2021-04-07 19:00,22.5029,78,285,0.5108,9.8827,0,0
2021-04-07 20:00,20.3947,0,285,0.5172,9.0509,0,0
2021-04-07 21:00,18.1947,0,285,0.5515,8.1949,0,0
2021-04-07 22:00,16.0215,0,285,0.6086,7.3846,0,0
2021-04-07 23:00,13.9939,0,285,0.6823,6.6897,0,0
2021-04-08 00:00,12.2305,0,285,0.7647,6.1801,0,0
2021-04-08 01:00,10.85,0,326,0.8464,5.9256,0.0028,0
2021-04-08 02:00,9.9333,0,326,0.9181,5.9736,0.0028,0
2021-04-08 03:00,9.4096,0,326,0.9758,6.282,0.0028,0
2021-04-08 04:00,9.1704,0,326,1.0178,6.7863,0.0028,0
2021-04-08 05:00,9.1068,0,326,1.0428,7.422,0.0028,0
2021-04-08 06:00,9.1105,0,326,1.0502,8.1246,0.0028,0
2021-04-08 07:00,9.0726,14.9852,334,1.0396,8.8295,8e-4,0
2021-04-08 08:00,8.9129,56.3375,334,1.0114,9.4805,8e-4,0
2021-04-08 09:00,8.665,95.2554,334,0.9704,10.0536,8e-4,0
2021-04-08 10:00,8.3906,129.0892,334,0.9223,10.533,8e-4,0
2021-04-08 11:00,8.1516,155.536,334,0.8734,10.9031,8e-4,0
2021-04-08 12:00,8.0098,172.7966,334,0.8302,11.1481,8e-4,0
2021-04-08 13:00,8.027,222.9615,329,0.7995,11.2523,8e-4,0
2021-04-08 14:00,8.2409,218.0929,329,0.7861,11.206,8e-4,0
2021-04-08 15:00,8.5924,200.1295,329,0.787,11.0243,8e-4,0
2021-04-08 16:00,8.9984,170.3007,329,0.7969,10.7281,8e-4,0
2021-04-08 17:00,9.3756,130.6449,329,0.8108,10.3386,8e-4,0
2021-04-08 18:00,9.6407,83.8705,329,0.8237,9.8768,8e-4,0
2021-04-08 19:00,9.7105,54,264,0.8309,9.3639,0,0
2021-04-08 20:00,9.5251,0,264,0.8288,8.8204,0,0
2021-04-08 21:00,9.1172,0,264,0.8189,8.2641,0,0
2021-04-08 22:00,8.5429,0,264,0.8039,7.7126,0,0
2021-04-08 23:00,7.8581,0,264,0.7865,7.1831,0,0
2021-04-09 00:00,7.119,0,264,0.7697,6.6932,0,0
2021-04-09 01:00,6.3816,0,252,0.7567,6.2601,0,0
2021-04-09 02:00,5.6982,0,252,0.75,5.904,0,0
2021-04-09 03:00,5.1069,0,252,0.7492,5.6551,0,0
2021-04-09 04:00,4.6421,0,252,0.7532,5.5464,0,0
2021-04-09 05:00,4.338,0,252,0.7605,5.6111,0,0
2021-04-09 06:00,4.2292,0,252,0.7699,5.882,0,0
2021-04-09 07:00,4.35,45.0192,291,0.7797,6.3921,0.002,0
2021-04-09 08:00,4.7136,158.8791,291,0.7887,7.1501,0.002,0
2021-04-09 09:00,5.2484,265.9995,291,0.7966,8.0668,0.002,0
2021-04-09 10:00,5.8617,359.0871,291,0.8031,9.0287,0.002,0
2021-04-09 11:00,6.4608,431.8059,291,0.8084,9.9224,0.002,0
2021-04-09 12:00,6.9529,479.2091,291,0.8126,10.6344,0.002,0
2021-04-09 13:00,7.2454,480.556,310,0.8158,11.051,0.006,0
2021-04-09 14:00,7.2703,469.9961,310,0.8181,11.0964,0.006,0
2021-04-09 15:00,7.0601,431.4038,310,0.8198,10.8448,0.006,0
2021-04-09 16:00,6.6719,367.4207,310,0.8214,10.4078,0.006,0
2021-04-09 17:00,6.1629,282.4192,310,0.823,9.8972,0.006,0
2021-04-09 18:00,5.5904,182.2042,310,0.8251,9.4247,0.006,0
2021-04-09 19:00,5.0116,30,316,0.8279,9.1019,0.0052,0
2021-04-09 20:00,4.4732,0,316,0.8316,9.009,0.0052,0
2021-04-09 21:00,3.9801,0,316,0.8347,9.0989,0.0052,0
2021-04-09 22:00,3.5265,0,316,0.8356,9.293,0.0052,0
2021-04-09 23:00,3.1066,0,316,0.8325,9.5128,0.0052,0
2021-04-10 00:00,2.7148,0,316,0.8236,9.6795,0.0052,0
2021-04-10 01:00,2.3453,0,279,0.807,9.7146,4e-4,0
2021-04-10 02:00,1.9994,0,279,0.7817,9.5658,4e-4,0
2021-04-10 03:00,1.7054,0,279,0.7498,9.2875,4e-4,0
2021-04-10 04:00,1.4991,0,279,0.7145,8.9601,4e-4,0
2021-04-10 05:00,1.4157,0,279,0.6792,8.6645,4e-4,0
2021-04-10 06:00,1.4908,0,279,0.6472,8.4811,4e-4,0
2021-04-10 07:00,1.7598,74.0578,246,0.6221,8.4908,0,0
2021-04-10 08:00,2.2452,247.0043,246,0.6057,8.7444,0,0
2021-04-10 09:00,2.9178,409.6592,246,0.5953,9.1736,0,0
2021-04-10 10:00,3.7356,550.9483,246,0.5865,9.6804,0,0
2021-04-10 11:00,4.6565,661.255,246,0.5755,10.1666,0,0
2021-04-10 12:00,5.6382,733.0754,246,0.5583,10.5342,0,0
2021-04-10 13:00,6.6388,820.7954,245,0.5314,10.6851,0,0
2021-04-10 14:00,7.6117,802.6508,245,0.4933,10.5466,0,0
2021-04-10 15:00,8.4925,736.9478,245,0.4493,10.1473,0,0
2021-04-10 16:00,9.2124,628.1838,245,0.406,9.5412,0,0
2021-04-10 17:00,9.7027,483.7913,245,0.3695,8.7822,0,0
2021-04-10 18:00,9.8946,313.6309,245,0.3457,7.9242,0,0
2021-04-10 19:00,9.7193,96,237.0559,0.3406,7.0211,0,0
2021-04-10 20:00,9.139,0,237.0559,0.3583,6.1235,0,0
2021-04-10 21:00,8.2401,0,237.0559,0.3943,5.2674,0,0
2021-04-10 22:00,7.1399,0,237.0559,0.4417,4.4854,0,0
2021-04-10 23:00,5.9558,0,237.0559,0.4933,3.8102,0,0
2021-04-11 00:00,4.8051,0,237.0559,0.5409,3.2744,0,0
2021-04-11 01:00,3.8052,0,238.0789,0.5754,2.9106,0,0
2021-04-11 02:00,3.0451,0,238.0789,0.5902,2.7398,0,0
2021-04-11 03:00,2.501,0,238.0789,0.5899,2.7365,0,0
2021-04-11 04:00,2.1208,0,238.0789,0.583,2.8637,0,0
2021-04-11 05:00,1.8523,0,238.0789,0.5781,3.0842,0,0
2021-04-11 06:00,1.6435,0,238.0789,0.5838,3.3608,0,0
2021-04-11 07:00,1.4421,30.1866,299,0.6091,3.6566,0.02,0
2021-04-11 08:00,1.2151,95.6915,299,0.6594,3.9415,0.02,0
2021-04-11 09:00,1.0046,157.2781,299,0.726,4.2141,0.02,0
2021-04-11 10:00,0.8717,210.7534,299,0.7962,4.4802,0.02,0
2021-04-11 11:00,0.8776,252.4777,299,0.8572,4.7455,0.02,0
2021-04-11 12:00,1.0833,279.6127,299,0.8956,5.0157,0.02,0
2021-04-11 13:00,1.55,572.9752,270.261,0.8986,5.2966,0.0056,0
2021-04-11 14:00,2.3057,560.2372,270.261,0.8589,5.5876,0.0056,0
2021-04-11 15:00,3.2463,514.5205,270.261,0.788,5.8632,0.0056,0
2021-04-11 16:00,4.2345,438.9542,270.261,0.7016,6.0916,0.0056,0
2021-04-11 17:00,5.1329,338.7021,270.261,0.614,6.2409,0.0056,0
2021-04-11 18:00,5.8043,220.6106,270.261,0.538,6.2794,0.0056,0
2021-04-11 19:00,6.1116,102,224,0.4854,6.1752,0,0
2021-04-11 20:00,5.9586,0,224,0.4644,5.9127,0,0
2021-04-11 21:00,5.415,0,224,0.4698,5.5419,0,0
2021-04-11 22:00,4.5915,0,224,0.4932,5.1286,0,0
2021-04-11 23:00,3.5989,0,224,0.5267,4.7392,0,0
2021-04-12 00:00,2.5482,0,224,0.5618,4.4395,0,0
2021-04-12 01:00,1.55,0,218,0.589,4.2958,0,0
2021-04-12 02:00,0.7041,0,218,0.6006,4.3557,0,0
2021-04-12 03:00,0.0651,0,218,0.5972,4.5939,0,0
2021-04-12 04:00,-0.3233,0,218,0.5822,4.9665,0,0
2021-04-12 05:00,-0.4177,0,218,0.5592,5.4298,0,0
2021-04-12 06:00,-0.1744,0,218,0.5322,5.9401,0,0
2021-04-12 07:00,0.45,90.7322,227,0.5054,6.4535,0,0
2021-04-12 08:00,1.4719,274.6867,227,0.482,6.9303,0,0
2021-04-12 09:00,2.7986,447.5821,227,0.4625,7.346,0,0
2021-04-12 10:00,4.3102,597.6471,227,0.4463,7.6801,0,0
2021-04-12 11:00,5.8867,714.6678,227,0.4326,7.9122,0,0
2021-04-12 12:00,7.4082,790.6841,227,0.4208,8.0216,0,0
2021-04-12 13:00,8.7548,814.9897,252,0.4102,7.988,0,0
2021-04-12 14:00,9.8276,796.7751,252,0.4005,7.7983,0,0
2021-04-12 15:00,10.6111,731.96,252,0.392,7.4696,0,0
2021-04-12 16:00,11.1112,624.9807,252,0.3852,7.0268,0,0
2021-04-12 17:00,11.3336,483.1477,252,0.3808,6.4944,0,0
2021-04-12 18:00,11.2838,316.1468,252,0.3793,5.8972,0,0
2021-04-12 19:00,10.9676,90,247,0.3814,5.2598,0,0
2021-04-12 20:00,10.4009,0,247,0.3877,4.6062,0,0
2021-04-12 21:00,9.6406,0,247,0.3981,3.9574,0,0
2021-04-12 22:00,8.7539,0,247,0.4123,3.3338,0,0
2021-04-12 23:00,7.8079,0,247,0.4301,2.7557,0,0
2021-04-13 00:00,6.8697,0,247,0.4512,2.2435,0,0
2021-04-13 01:00,6.0064,0,275.4261,0.4752,1.8174,0,0
2021-04-13 02:00,5.2808,0,275.4261,0.5013,1.497,0,0
2021-04-13 03:00,4.7385,0,275.4261,0.5269,1.2984,0,0
2021-04-13 04:00,4.4205,0,275.4261,0.5491,1.2371,0,0
2021-04-13 05:00,4.3679,0,275.4261,0.5649,1.3284,0,0
2021-04-13 06:00,4.6218,0,275.4261,0.5712,1.5876,0,0
2021-04-13 07:00,5.2233,42.6502,309,0.5655,2.0302,4e-4,0
2021-04-13 08:00,6.1767,123.8258,309,0.5471,2.6561,4e-4,0
2021-04-13 09:00,7.3389,200.0972,309,0.5232,3.4035,4e-4,0
2021-04-13 10:00,8.5302,266.2717,309,0.5023,4.1954,4e-4,0
2021-04-13 11:00,9.5706,317.8453,309,0.492,4.9545,4e-4,0
2021-04-13 12:00,10.2802,351.3098,309,0.4996,5.6037,4e-4,0
2021-04-13 13:00,10.4792,215.1786,329,0.5325,6.0658,0.0352,0
2021-04-13 14:00,10.0511,210.3455,329,0.596,6.2893,0.0352,0
2021-04-13 15:00,9.1332,193.2885,329,0.6836,6.3245,0.0352,0
2021-04-13 16:00,7.9263,165.1751,329,0.7852,6.2476,0.0352,0
2021-04-13 17:00,6.631,127.9263,329,0.8897,6.1344,0.0352,0
2021-04-13 18:00,5.4482,84.0859,329,0.9835,6.061,0.0352,0
2021-04-13 19:00,4.5785,6,321.3984,1.0515,6.1034,0.0116,0
2021-04-13 20:00,4.1634,0,321.3984,1.0814,6.3115,0.0116,0
2021-04-13 21:00,4.1077,0,321.3984,1.0776,6.6311,0.0116,0
2021-04-13 22:00,4.257,0,321.3984,1.05,6.9818,0.0116,0
2021-04-13 23:00,4.4568,0,321.3984,1.0086,7.2835,0.0116,0
2021-04-14 00:00,4.5528,0,321.3984,0.9632,7.4557,0.0116,0
2021-04-14 01:00,4.3905,0,241,0.9229,7.4181,0,0
2021-04-14 02:00,3.8726,0,241,0.8947,7.1172,0,0
2021-04-14 03:00,3.1307,0,241,0.8772,6.6059,0,0
2021-04-14 04:00,2.3534,0,241,0.8671,5.9641,0,0
2021-04-14 05:00,1.7295,0,241,0.8616,5.2714,0,0
2021-04-14 06:00,1.4474,0,241,0.8576,4.6075,0,0
2021-04-14 07:00,1.696,99.9574,252,0.852,4.0522,0,0
2021-04-14 08:00,2.6038,279.304,252,0.8424,3.666,0,0
2021-04-14 09:00,4.059,447.7638,252,0.8289,3.4322,0,0
2021-04-14 10:00,5.8897,593.8678,252,0.8124,3.3151,0,0
2021-04-14 11:00,7.9238,707.672,252,0.7937,3.2787,0,0
2021-04-14 12:00,9.9896,781.435,252,0.7735,3.2873,0,0
2021-04-14 13:00,11.9151,820.8842,284,0.7526,3.305,0,0
2021-04-14 14:00,13.5555,802.3608,284,0.7318,3.3049,0,0
2021-04-14 15:00,14.8751,737.5036,284,0.7129,3.2959,0,0
2021-04-14 16:00,15.8654,630.7516,284,0.6978,3.2958,0,0
2021-04-14 17:00,16.5176,489.3996,284,0.6883,3.3223,0,0
2021-04-14 18:00,16.8232,323.1002,284,0.6863,3.3932,0,0
2021-04-14 19:00,16.7737,84,321,0.6936,3.5263,0,0
2021-04-14 20:00,16.3763,0,321,0.7117,3.7341,0,0
2021-04-14 21:00,15.7024,0,321,0.738,4.0078,0,0
2021-04-14 22:00,14.8388,0,321,0.7693,4.3336,0,0
2021-04-14 23:00,13.8728,0,321,0.8019,4.6972,0,0
2021-04-15 00:00,12.8913,0,321,0.8319,5.0848,0,0
2021-04-15 01:00,11.9816,0,299,0.8552,5.4822,0,0
2021-04-15 02:00,11.2193,0,299,0.8685,5.8779,0,0
2021-04-15 03:00,10.635,0,299,0.8746,6.2693,0,0
2021-04-15 04:00,10.2478,0,299,0.8776,6.6564,0,0
2021-04-15 05:00,10.077,0,299,0.882,7.039,0,0
2021-04-15 06:00,10.1418,0,299,0.8923,7.417,0,0
2021-04-15 07:00,10.4613,48.8868,343,0.9128,7.7903,4e-4,0
2021-04-15 08:00,11.0346,131.8826,343,0.946,8.1548,4e-4,0
2021-04-15 09:00,11.7802,209.817,343,0.9884,8.4901,4e-4,0
2021-04-15 10:00,12.5966,277.3843,343,1.0356,8.772,4e-4,0
2021-04-15 11:00,13.3822,329.9858,343,1.0835,8.9763,4e-4,0
2021-04-15 12:00,14.0353,364.0434,343,1.1286,9.0787,4e-4,0
2021-04-15 13:00,14.4544,106.0501,368,1.1679,9.0549,4e-4,0
2021-04-15 14:00,14.5703,103.6467,368,1.1997,8.895,4e-4,0
2021-04-15 15:00,14.4437,95.2954,368,1.2266,8.6467,4e-4,0
2021-04-15 16:00,14.1675,81.5678,368,1.2516,8.3719,4e-4,0
2021-04-15 17:00,13.8349,63.4018,368,1.278,8.1328,4e-4,0
2021-04-15 18:00,13.5389,42.0381,368,1.3087,7.9912,4e-4,0
2021-04-15 19:00,13.3726,6,374,1.3467,8.0092,0.0036,0
2021-04-15 20:00,13.4023,0,374,1.3934,8.2249,0.0036,0
2021-04-15 21:00,13.5878,0,374,1.4459,8.5806,0.0036,0
2021-04-15 22:00,13.8623,0,374,1.5002,8.9946,0.0036,0
2021-04-15 23:00,14.1587,0,374,1.5528,9.3853,0.0036,0
2021-04-16 00:00,14.4103,0,374,1.6002,9.671,0.0036,0
2021-04-16 01:00,14.55,0,372,1.6393,9.7701,0.0228,0
2021-04-16 02:00,14.5294,0,372,1.6678,9.6293,0.0228,0
2021-04-16 03:00,14.3732,0,372,1.6857,9.3083,0.0228,0
2021-04-16 04:00,14.1246,0,372,1.6936,8.8952,0.0228,0
2021-04-16 05:00,13.8268,0,372,1.6917,8.4781,0.0228,0
2021-04-16 06:00,13.5229,0,372,1.6803,8.145,0.0228,0
2021-04-16 07:00,13.2562,11.2171,368,1.6599,7.984,0.0416,0
2021-04-16 08:00,13.0661,29.2959,368,1.6313,8.054,0.0416,0
2021-04-16 09:00,12.9773,46.2674,368,1.5975,8.2977,0.0416,0
2021-04-16 10:00,13.0111,60.976,368,1.5619,8.6284,0.0416,0
2021-04-16 11:00,13.1883,72.4207,368,1.5281,8.9596,0.0416,0
2021-04-16 12:00,13.5303,79.823,368,1.4999,9.2048,0.0416,0
2021-04-16 13:00,14.0579,538.6918,350.0789,1.4806,9.2773,4e-4,0
2021-04-16 14:00,14.7724,526.4353,350.0789,1.4723,9.1162,4e-4,0
2021-04-16 15:00,15.5954,484.1547,350.0789,1.4722,8.7622,4e-4,0
2021-04-16 16:00,16.4286,414.7438,350.0789,1.4765,8.2816,4e-4,0
2021-04-16 17:00,17.1736,322.9456,350.0789,1.4815,7.7407,4e-4,0
2021-04-16 18:00,17.7321,215.0287,350.0789,1.4838,7.2058,4e-4,0
2021-04-16 19:00,18.0058,78,360.1117,1.4803,6.743,0,0
2021-04-16 20:00,17.9248,0,360.1117,1.4686,6.4044,0,0
2021-04-16 21:00,17.5336,0,360.1117,1.4502,6.1837,0,0
2021-04-16 22:00,16.9049,0,360.1117,1.4276,6.0604,0,0
2021-04-16 23:00,16.1116,0,360.1117,1.4031,6.0142,0,0
